{
"CMakeLists.txt!main": [1705224617.4197502,"1 x 1","Plot","-",328],
"fsc.txt!main": [1705224617.471831,"511 x 2","Plot","-",9777],
"re_ICON.mrc~!main": [1705224617.4892082,"1024 x 1024","Image",1,4195328]
}